{"stats":{"minecraft:used":{"minecraft:wheat_seeds":10,"minecraft:trident":2,"minecraft:stone_pickaxe":38,"minecraft:wooden_pickaxe":4,"minecraft:torch":2,"minecraft:dirt":2,"minecraft:tnt":2,"minecraft:crafting_table":4,"minecraft:apple":1,"minecraft:bread":10,"minecraft:stone_axe":3,"minecraft:cobblestone":4,"minecraft:furnace":1,"minecraft:cooked_porkchop":8,"untamedwilds:material_fat":3,"epicfight:uchigatana":83},"minecraft:crafted":{"minecraft:cooked_porkchop":8,"minecraft:wooden_pickaxe":1,"minecraft:stone_axe":1,"minecraft:air":111,"minecraft:stick":4,"minecraft:stone_pickaxe":1,"minecraft:torch":12},"minecraft:dropped":{"minecraft:wheat_seeds":34,"minecraft:oak_log":14,"minecraft:rotten_flesh":2,"minecraft:andesite":1,"minecraft:beetroot_seeds":1,"minecraft:oak_sapling":2,"dannys_expansion:gel":1},"minecraft:mined":{"minecraft:crafting_table":4,"minecraft:grass_block":2,"minecraft:copper_ore":4,"minecraft:tall_grass":1,"goblinsanddungeons:urn":2,"minecraft:spawner":1,"minecraft:furnace":1,"minecraft:iron_ore":2,"minecraft:wheat":12,"minecraft:andesite":1,"treechop:chopped_log":1,"minecraft:tnt":2,"minecraft:grass":8,"minecraft:vine":1,"minecraft:coal_ore":4,"minecraft:lodestone":1,"minecraft:stone":25,"immersive_weathering:oak_leaf_pile":3},"minecraft:killed":{"minecraft:pig":8,"simple_mobs:hobgob":1,"minecraft:spider":5,"untamedwilds:boar":2,"dannys_expansion:mundane_slime":2,"goblinsanddungeons:garch":4,"minecraft:chicken":1,"simple_mobs:gob":5,"simple_mobs:goblo":2,"minecraft:cow":1},"minecraft:custom":{"lootr:looted_stat":5,"minecraft:interact_with_furnace":6,"minecraft:mob_kills":32,"minecraft:interact_with_crafting_table":6,"minecraft:open_barrel":2,"minecraft:damage_dealt_resisted":60,"minecraft:leave_game":1,"minecraft:time_since_death":419,"minecraft:sleep_in_bed":2,"minecraft:climb_one_cm":2261,"minecraft:time_since_rest":453,"minecraft:sprint_one_cm":157961,"champions:champion_mobs_killed":19,"minecraft:damage_taken":2275,"minecraft:walk_one_cm":433665,"minecraft:drop":11,"minecraft:damage_dealt":4366,"minecraft:damage_dealt_absorbed":682,"minecraft:swim_one_cm":22077,"minecraft:fly_one_cm":243824,"minecraft:crouch_one_cm":7911,"minecraft:play_time":54660,"minecraft:deaths":5,"minecraft:sneak_time":850,"minecraft:walk_under_water_one_cm":6081,"minecraft:jump":804,"minecraft:walk_on_water_one_cm":14122,"minecraft:total_world_time":54660,"minecraft:fall_one_cm":17065},"minecraft:picked_up":{"minecraft:crafting_table":4,"minecraft:wheat":21,"minecraft:chicken":1,"minecraft:andesite":1,"minecraft:leather":1,"minecraft:potato":1,"minecraft:enchanted_book":1,"minecraft:oak_log":37,"minecraft:dirt":2,"minecraft:raw_copper":9,"minecraft:bone":3,"minecraft:apple":1,"untamedwilds:material_fat":3,"minecraft:bow":2,"minecraft:wheat_seeds":78,"minecraft:beef":1,"minecraft:iron_nugget":3,"minecraft:furnace":1,"hexerei:animal_fat":2,"minecraft:raw_iron":2,"minecraft:stick":12,"apotheosis:gem":1,"minecraft:porkchop":13,"minecraft:spider_eye":2,"minecraft:leather_helmet":1,"minecraft:tnt":2,"dannys_expansion:gel":1,"minecraft:arrow":9,"minecraft:rotten_flesh":2,"minecraft:bread":1,"minecraft:lodestone":1,"minecraft:oak_sapling":2,"minecraft:coal":4,"minecraft:cobblestone":25},"minecraft:killed_by":{"minecraft:husk":1,"simple_mobs:goblo":3,"minecraft:iron_golem":1}},"DataVersion":2975}