{"stats":{"minecraft:used":{"minecraft:dirt":2},"minecraft:mined":{"minecraft:grass":1,"minecraft:grass_block":2},"minecraft:custom":{"minecraft:jump":26,"minecraft:time_since_rest":3239,"minecraft:crouch_one_cm":257,"minecraft:sprint_one_cm":2829,"minecraft:play_time":3239,"minecraft:time_since_death":3239,"minecraft:walk_one_cm":12063,"minecraft:sneak_time":22,"minecraft:total_world_time":3239,"minecraft:fall_one_cm":231,"minecraft:fly_one_cm":2385},"minecraft:picked_up":{"minecraft:dirt":2}},"DataVersion":2975}