{"stats":{"minecraft:used":{"minecraft:dirt":2},"minecraft:custom":{"minecraft:jump":24,"minecraft:time_since_rest":2254,"minecraft:leave_game":1,"minecraft:crouch_one_cm":352,"minecraft:sprint_one_cm":1970,"minecraft:play_time":2254,"minecraft:time_since_death":2254,"minecraft:walk_one_cm":1991,"minecraft:sneak_time":72,"minecraft:total_world_time":2254,"minecraft:fall_one_cm":745,"minecraft:fly_one_cm":4736},"minecraft:picked_up":{"minecraft:spruce_log":1,"minecraft:dirt":2},"minecraft:mined":{"minecraft:grass_block":2,"minecraft:spruce_log":1}},"DataVersion":2975}