{
  "comforts:sleeping_bag_light_gray": {
    "criteria": {
      "has_the_recipe": "2024-05-17 19:40:22 +0000"
    },
    "done": true
  },
  "apotheosis:affix/rare": {
    "criteria": {
      "sword": "2024-05-18 00:43:25 +0000"
    },
    "done": true
  },
  "incendium:technical/on_block": {
    "criteria": {
      "log_spam_fixer": "2024-05-18 00:44:21 +0000"
    },
    "done": false
  },
  "comforts:hammock_white": {
    "criteria": {
      "has_the_recipe": "2024-05-17 19:40:22 +0000"
    },
    "done": true
  },
  "comforts:hammock_cyan_from_white": {
    "criteria": {
      "has_the_recipe": "2024-05-17 19:40:23 +0000"
    },
    "done": true
  },
  "comforts:hammock_black": {
    "criteria": {
      "has_the_recipe": "2024-05-17 19:40:22 +0000"
    },
    "done": true
  },
  "farmersdelight:main/plant_all_crops": {
    "criteria": {
      "wheat": "2024-05-18 00:27:14 +0000"
    },
    "done": false
  },
  "comforts:sleeping_bag_light_blue": {
    "criteria": {
      "has_the_recipe": "2024-05-17 19:40:22 +0000"
    },
    "done": true
  },
  "comforts:sleeping_bag_green_from_white": {
    "criteria": {
      "has_the_recipe": "2024-05-17 19:40:22 +0000"
    },
    "done": true
  },
  "comforts:sleeping_bag_lime": {
    "criteria": {
      "has_the_recipe": "2024-05-17 19:40:23 +0000"
    },
    "done": true
  },
  "obscure_api:recipes/obscure_book": {
    "criteria": {
      "has_item": "2024-05-18 00:04:03 +0000"
    },
    "done": true
  },
  "comforts:sleeping_bag_lime_from_white": {
    "criteria": {
      "has_the_recipe": "2024-05-17 19:40:22 +0000"
    },
    "done": true
  },
  "comforts:sleeping_bag_black_from_white": {
    "criteria": {
      "has_the_recipe": "2024-05-17 19:40:23 +0000"
    },
    "done": true
  },
  "undead_revamp2:theundeadchallenges": {
    "criteria": {
      "theundeadchallenges": "2024-05-17 19:40:23 +0000"
    },
    "done": true
  },
  "comforts:hammock_light_blue_from_white": {
    "criteria": {
      "has_the_recipe": "2024-05-17 19:40:23 +0000"
    },
    "done": true
  },
  "aquamirae:adventure/root": {
    "criteria": {
      "crafting_table": "2024-05-18 00:04:03 +0000"
    },
    "done": true
  },
  "comforts:sleeping_bag_black": {
    "criteria": {
      "has_the_recipe": "2024-05-17 19:40:22 +0000"
    },
    "done": true
  },
  "incendium:technical/inventory/sentrys_wrath": {
    "criteria": {
      "log_spam_fixer": "2024-05-18 00:44:21 +0000"
    },
    "done": false
  },
  "comforts:hammock_red_from_white": {
    "criteria": {
      "has_the_recipe": "2024-05-17 19:40:23 +0000"
    },
    "done": true
  },
  "comforts:hammock_yellow": {
    "criteria": {
      "has_the_recipe": "2024-05-17 19:40:23 +0000"
    },
    "done": true
  },
  "goblinsanddungeons:goblinsanddungeons/goblin_slayer": {
    "criteria": {
      "garch": "2024-05-18 00:30:28 +0000"
    },
    "done": false
  },
  "mowziesmobs:root": {
    "criteria": {
      "custom_test_name": "2024-05-17 19:40:23 +0000"
    },
    "done": true
  },
  "comforts:hammock_cyan": {
    "criteria": {
      "has_the_recipe": "2024-05-17 19:40:22 +0000"
    },
    "done": true
  },
  "comforts:sleeping_bag_purple": {
    "criteria": {
      "has_the_recipe": "2024-05-17 19:40:23 +0000"
    },
    "done": true
  },
  "lootr:1chest": {
    "criteria": {
      "opened_chest": "2024-05-18 00:36:43 +0000"
    },
    "done": true
  },
  "comforts:hammock_pink_from_white": {
    "criteria": {
      "has_the_recipe": "2024-05-17 19:40:23 +0000"
    },
    "done": true
  },
  "ba_bt:battletowers/battle_tower": {
    "criteria": {
      "crafting_table": "2024-05-18 00:04:03 +0000"
    },
    "done": true
  },
  "minecraft:adventure/throw_trident": {
    "criteria": {
      "shot_trident": "2024-05-18 00:44:09 +0000"
    },
    "done": true
  },
  "apotheosis:affix/root": {
    "criteria": {
      "sword": "2024-05-18 00:18:10 +0000"
    },
    "done": true
  },
  "comforts:sleeping_bag_purple_from_white": {
    "criteria": {
      "has_the_recipe": "2024-05-17 19:40:22 +0000"
    },
    "done": true
  },
  "comforts:sleeping_bag_yellow": {
    "criteria": {
      "has_the_recipe": "2024-05-17 19:40:22 +0000"
    },
    "done": true
  },
  "cataclysm:root": {
    "criteria": {
      "custom_test_name": "2024-05-17 19:40:23 +0000"
    },
    "done": true
  },
  "comforts:hammock_light_gray": {
    "criteria": {
      "has_the_recipe": "2024-05-17 19:40:22 +0000"
    },
    "done": true
  },
  "mutantmonsters:root": {
    "criteria": {
      "killed_something": "2024-05-18 00:04:39 +0000"
    },
    "done": true
  },
  "comforts:hammock_purple": {
    "criteria": {
      "has_the_recipe": "2024-05-17 19:40:22 +0000"
    },
    "done": true
  },
  "minecraft:husbandry/balanced_diet": {
    "criteria": {
      "cooked_porkchop": "2024-05-18 00:22:36 +0000",
      "apple": "2024-05-18 00:21:40 +0000",
      "bread": "2024-05-18 00:07:33 +0000"
    },
    "done": false
  },
  "comforts:hammock_yellow_from_white": {
    "criteria": {
      "has_the_recipe": "2024-05-17 19:40:22 +0000"
    },
    "done": true
  },
  "comforts:sleeping_bag_orange_from_white": {
    "criteria": {
      "has_the_recipe": "2024-05-17 19:40:23 +0000"
    },
    "done": true
  },
  "comforts:sleeping_bag_blue_from_white": {
    "criteria": {
      "has_the_recipe": "2024-05-17 19:40:23 +0000"
    },
    "done": true
  },
  "apotheosis:affix/gem": {
    "criteria": {
      "gem": "2024-05-18 00:34:07 +0000"
    },
    "done": true
  },
  "comforts:sleeping_bag_green": {
    "criteria": {
      "has_the_recipe": "2024-05-17 19:40:23 +0000"
    },
    "done": true
  },
  "comforts:hammock_lime": {
    "criteria": {
      "has_the_recipe": "2024-05-17 19:40:22 +0000"
    },
    "done": true
  },
  "custom:100_blocks": {
    "criteria": {
      "Start": "2024-05-17 19:40:51 +0000"
    },
    "done": true
  },
  "comforts:sleeping_bag_brown_from_white": {
    "criteria": {
      "has_the_recipe": "2024-05-17 19:40:23 +0000"
    },
    "done": true
  },
  "comforts:sleeping_bag_white": {
    "criteria": {
      "has_the_recipe": "2024-05-17 19:40:22 +0000"
    },
    "done": true
  },
  "comforts:sleeping_bag_pink": {
    "criteria": {
      "has_the_recipe": "2024-05-17 19:40:23 +0000"
    },
    "done": true
  },
  "comforts:hammock_light_gray_from_white": {
    "criteria": {
      "has_the_recipe": "2024-05-17 19:40:23 +0000"
    },
    "done": true
  },
  "goblinsanddungeons:goblinsanddungeons/root": {
    "criteria": {
      "tick": "2024-05-17 19:40:23 +0000"
    },
    "done": true
  },
  "comforts:sleeping_bag_brown": {
    "criteria": {
      "has_the_recipe": "2024-05-17 19:40:22 +0000"
    },
    "done": true
  },
  "comforts:sleeping_bag_gray": {
    "criteria": {
      "has_the_recipe": "2024-05-17 19:40:23 +0000"
    },
    "done": true
  },
  "simple_mobs:notorious": {
    "criteria": {
      "notorious": "2024-05-18 00:27:41 +0000"
    },
    "done": true
  },
  "comforts:sleeping_bag_light_blue_from_white": {
    "criteria": {
      "has_the_recipe": "2024-05-17 19:40:23 +0000"
    },
    "done": true
  },
  "minecraft:story/root": {
    "criteria": {
      "crafting_table": "2024-05-18 00:04:03 +0000"
    },
    "done": true
  },
  "comforts:hammock_light_blue": {
    "criteria": {
      "has_the_recipe": "2024-05-17 19:40:22 +0000"
    },
    "done": true
  },
  "incendium:technical/using/shield": {
    "criteria": {
      "log_spam_fixer": "2024-05-17 19:40:23 +0000"
    },
    "done": false
  },
  "comforts:rope_and_nail": {
    "criteria": {
      "has_the_recipe": "2024-05-17 19:40:22 +0000"
    },
    "done": true
  },
  "comforts:hammock_magenta": {
    "criteria": {
      "has_the_recipe": "2024-05-17 19:40:22 +0000"
    },
    "done": true
  },
  "idas:idas_root": {
    "criteria": {
      "always": "2024-05-17 19:40:23 +0000"
    },
    "done": true
  },
  "betterdungeons:root": {
    "criteria": {
      "always": "2024-05-17 19:40:23 +0000"
    },
    "done": true
  },
  "comforts:sleeping_bag_red": {
    "criteria": {
      "has_the_recipe": "2024-05-17 19:40:22 +0000"
    },
    "done": true
  },
  "incendium:technical/using/trailblazer": {
    "criteria": {
      "log_spam_fixer": "2024-05-17 19:40:23 +0000"
    },
    "done": false
  },
  "comforts:sleeping_bag_red_from_white": {
    "criteria": {
      "has_the_recipe": "2024-05-17 19:40:22 +0000"
    },
    "done": true
  },
  "lootr:root": {
    "criteria": {
      "always_true": "2024-05-17 19:40:23 +0000"
    },
    "done": true
  },
  "minecraft:adventure/kill_a_mob": {
    "criteria": {
      "minecraft:spider": "2024-05-18 00:42:11 +0000"
    },
    "done": true
  },
  "incendium:technical/scroll_of_returning": {
    "criteria": {
      "log_spam_fixer": "2024-05-17 19:40:23 +0000"
    },
    "done": false
  },
  "incendium:technical/multiplex_crossbow": {
    "criteria": {
      "log_spam_fixer": "2024-05-18 00:44:21 +0000"
    },
    "done": false
  },
  "apotheosis:affix/common": {
    "criteria": {
      "sword": "2024-05-18 00:18:10 +0000"
    },
    "done": true
  },
  "comforts:sleeping_bag_magenta_from_white": {
    "criteria": {
      "has_the_recipe": "2024-05-17 19:40:22 +0000"
    },
    "done": true
  },
  "comforts:hammock_magenta_from_white": {
    "criteria": {
      "has_the_recipe": "2024-05-17 19:40:22 +0000"
    },
    "done": true
  },
  "comforts:sleeping_bag_blue": {
    "criteria": {
      "has_the_recipe": "2024-05-17 19:40:23 +0000"
    },
    "done": true
  },
  "comforts:hammock_brown_from_white": {
    "criteria": {
      "has_the_recipe": "2024-05-17 19:40:23 +0000"
    },
    "done": true
  },
  "minecraft:story/mine_stone": {
    "criteria": {
      "get_stone": "2024-05-18 00:04:23 +0000"
    },
    "done": true
  },
  "friendsandfoes:misc/yellow_dye_from_buttercup": {
    "criteria": {
      "has_the_recipe": "2024-05-17 19:40:22 +0000"
    },
    "done": true
  },
  "majruszsdifficulty:progressive_difficulty/normal_mode": {
    "criteria": {
      "game_state": "2024-05-17 19:40:22 +0000"
    },
    "done": true
  },
  "incendium:technical/firestorm": {
    "criteria": {
      "log_spam_fixer": "2024-05-18 00:44:21 +0000"
    },
    "done": false
  },
  "morevillagers:root": {
    "criteria": {
      "always": "2024-05-17 19:40:23 +0000"
    },
    "done": true
  },
  "minecraft:adventure/adventuring_time": {
    "criteria": {
      "minecraft:forest": "2024-05-17 19:40:23 +0000",
      "minecraft:plains": "2024-05-18 00:06:16 +0000"
    },
    "done": false
  },
  "comforts:hammock_blue_from_white": {
    "criteria": {
      "has_the_recipe": "2024-05-17 19:40:23 +0000"
    },
    "done": true
  },
  "minecraft:adventure/sleep_in_bed": {
    "criteria": {
      "slept_in_bed": "2024-05-18 00:16:24 +0000"
    },
    "done": true
  },
  "comforts:sleeping_bag_gray_from_white": {
    "criteria": {
      "has_the_recipe": "2024-05-17 19:40:23 +0000"
    },
    "done": true
  },
  "incendium:technical/using/ragnarok": {
    "criteria": {
      "log_spam_fixer": "2024-05-17 19:40:23 +0000"
    },
    "done": false
  },
  "comforts:sleeping_bag_orange": {
    "criteria": {
      "has_the_recipe": "2024-05-17 19:40:22 +0000"
    },
    "done": true
  },
  "minecraft:husbandry/root": {
    "criteria": {
      "consumed_item": "2024-05-18 00:07:33 +0000"
    },
    "done": true
  },
  "comforts:sleeping_bag_cyan": {
    "criteria": {
      "has_the_recipe": "2024-05-17 19:40:23 +0000"
    },
    "done": true
  },
  "apotheosis:affix/chests": {
    "criteria": {
      "sword": "2024-05-18 00:36:53 +0000"
    },
    "done": true
  },
  "incendium:technical/new_player": {
    "criteria": {
      "requirement": "2024-05-17 19:40:23 +0000"
    },
    "done": true
  },
  "comforts:hammock_purple_from_white": {
    "criteria": {
      "has_the_recipe": "2024-05-17 19:40:23 +0000"
    },
    "done": true
  },
  "incendium:technical/holy_wrath": {
    "criteria": {
      "log_spam_fixer": "2024-05-18 00:44:21 +0000"
    },
    "done": false
  },
  "incendium:technical/inventory/firestorm": {
    "criteria": {
      "log_spam_fixer": "2024-05-18 00:44:21 +0000"
    },
    "done": false
  },
  "minecraft:adventure/root": {
    "criteria": {
      "killed_something": "2024-05-18 00:04:39 +0000"
    },
    "done": true
  },
  "minecraft:husbandry/plant_seed": {
    "criteria": {
      "wheat": "2024-05-18 00:27:14 +0000"
    },
    "done": true
  },
  "apotheosis:affix/random": {
    "criteria": {
      "sword": "2024-05-18 00:18:10 +0000"
    },
    "done": true
  },
  "comforts:sleeping_bag_pink_from_white": {
    "criteria": {
      "has_the_recipe": "2024-05-17 19:40:22 +0000"
    },
    "done": true
  },
  "apotheosis:affix/uncommon": {
    "criteria": {
      "sword": "2024-05-18 00:36:53 +0000"
    },
    "done": true
  },
  "comforts:hammock_red": {
    "criteria": {
      "has_the_recipe": "2024-05-17 19:40:22 +0000"
    },
    "done": true
  },
  "lootr:social": {
    "criteria": {
      "opened_chest": "2024-05-18 00:36:43 +0000"
    },
    "done": false
  },
  "comforts:hammock_black_from_white": {
    "criteria": {
      "has_the_recipe": "2024-05-17 19:40:22 +0000"
    },
    "done": true
  },
  "farmersdelight:main/root": {
    "criteria": {
      "seeds": "2024-05-17 19:40:23 +0000"
    },
    "done": true
  },
  "comforts:sleeping_bag_yellow_from_white": {
    "criteria": {
      "has_the_recipe": "2024-05-17 19:40:23 +0000"
    },
    "done": true
  },
  "incendium:technical/on_kill": {
    "criteria": {
      "log_spam_fixer": "2024-05-18 00:44:21 +0000"
    },
    "done": false
  },
  "comforts:hammock_gray_from_white": {
    "criteria": {
      "has_the_recipe": "2024-05-17 19:40:22 +0000"
    },
    "done": true
  },
  "incendium:technical/on_player_hurt": {
    "criteria": {
      "requirement": "2024-05-18 00:44:23 +0000",
      "log_spam_fixer": "2024-05-18 00:44:21 +0000"
    },
    "done": true
  },
  "minecraft:adventure/kill_all_mobs": {
    "criteria": {
      "minecraft:spider": "2024-05-18 00:42:11 +0000"
    },
    "done": false
  },
  "incendium:technical/sentrys_wrath": {
    "criteria": {
      "log_spam_fixer": "2024-05-18 00:44:21 +0000"
    },
    "done": false
  },
  "dungeons_arise:wda_root": {
    "criteria": {
      "WDA": "2024-05-17 19:40:23 +0000"
    },
    "done": true
  },
  "comforts:hammock_green_from_white": {
    "criteria": {
      "has_the_recipe": "2024-05-17 19:40:22 +0000"
    },
    "done": true
  },
  "comforts:hammock_orange": {
    "criteria": {
      "has_the_recipe": "2024-05-17 19:40:23 +0000"
    },
    "done": true
  },
  "comforts:hammock_lime_from_white": {
    "criteria": {
      "has_the_recipe": "2024-05-17 19:40:22 +0000"
    },
    "done": true
  },
  "comforts:hammock_orange_from_white": {
    "criteria": {
      "has_the_recipe": "2024-05-17 19:40:22 +0000"
    },
    "done": true
  },
  "comforts:hammock_pink": {
    "criteria": {
      "has_the_recipe": "2024-05-17 19:40:23 +0000"
    },
    "done": true
  },
  "comforts:sleeping_bag_magenta": {
    "criteria": {
      "has_the_recipe": "2024-05-17 19:40:22 +0000"
    },
    "done": true
  },
  "comforts:sleeping_bag_cyan_from_white": {
    "criteria": {
      "has_the_recipe": "2024-05-17 19:40:23 +0000"
    },
    "done": true
  },
  "comforts:sleeping_bag_light_gray_from_white": {
    "criteria": {
      "has_the_recipe": "2024-05-17 19:40:23 +0000"
    },
    "done": true
  },
  "create:root": {
    "criteria": {
      "0": "2024-05-17 19:40:23 +0000"
    },
    "done": true
  },
  "champions:kill_a_champion": {
    "criteria": {
      "kill_a_champion": "2024-05-18 00:07:15 +0000"
    },
    "done": true
  },
  "comforts:hammock_brown": {
    "criteria": {
      "has_the_recipe": "2024-05-17 19:40:23 +0000"
    },
    "done": true
  },
  "minecraft:story/upgrade_tools": {
    "criteria": {
      "stone_pickaxe": "2024-05-18 00:04:54 +0000"
    },
    "done": true
  },
  "comforts:hammock_blue": {
    "criteria": {
      "has_the_recipe": "2024-05-17 19:40:22 +0000"
    },
    "done": true
  },
  "comforts:hammock_green": {
    "criteria": {
      "has_the_recipe": "2024-05-17 19:40:23 +0000"
    },
    "done": true
  },
  "paraglider:root": {
    "criteria": {
      "crafting_table": "2024-05-18 00:04:03 +0000"
    },
    "done": true
  },
  "comforts:hammock_gray": {
    "criteria": {
      "has_the_recipe": "2024-05-17 19:40:23 +0000"
    },
    "done": true
  },
  "meetyourfight:main/root": {
    "criteria": {
      "killed_something": "2024-05-18 00:04:39 +0000"
    },
    "done": true
  },
  "immersive_weathering:immersive_weathering/dirts": {
    "criteria": {
      "dirt": "2024-05-17 19:42:32 +0000"
    },
    "done": false
  },
  "majruszsdifficulty:progressive_difficulty/bleeding": {
    "criteria": {
      "bleeding_applied": "2024-05-18 00:21:25 +0000"
    },
    "done": true
  },
  "incendium:technical/on_inventory_change": {
    "criteria": {
      "log_spam_fixer": "2024-05-18 00:44:21 +0000"
    },
    "done": false
  },
  "DataVersion": 2975
}