{
  "minecraft:recipes/misc/charcoal": {
    "criteria": {
      "has_log": "2024-05-16 12:23:56 +0000"
    },
    "done": true
  },
  "minecraft:recipes/building_blocks/spruce_planks": {
    "criteria": {
      "has_logs": "2024-05-16 12:23:56 +0000"
    },
    "done": true
  },
  "minecraft:recipes/building_blocks/spruce_wood": {
    "criteria": {
      "has_log": "2024-05-16 12:23:56 +0000"
    },
    "done": true
  },
  "minecraft:adventure/adventuring_time": {
    "criteria": {
      "minecraft:snowy_plains": "2024-05-16 12:22:10 +0000",
      "minecraft:snowy_taiga": "2024-05-16 12:23:52 +0000"
    },
    "done": false
  },
  "DataVersion": 2975
}